<?xml version="1.0" encoding="UTF-8" standalone="no" ?>
<Application>

  <Header>
    <Version val="14060.00"/>
    <WithIsn val="Y"/>
  </Header>

  <ProgramsRepositoryHeaders>
    <Program>
      <Header Description="Main Program" ISN_2="1" LastIsn="1" id="1">
        <Resident val="N"/>
        <SQL val="N"/>
        <ReturnValue>
          <ReturnValueAttr/>
          <ParametersAttributes/>
        </ReturnValue>
        <SqlWhereExist val="N"/>
        <TaskType val="B"/>
        <External val="N"/>
        <Offline val="N"/>
        <Closeopentasks val="N"/>
        <RunProjectAs val="O"/>
        <FormType val="N"/>
        <DotNetObjectExists val="N"/>
        <LastModified _date="739037" _time="67895" date="31/05/2024" time="18:51:35"/>
      </Header>
      <SourceFileTimeStamp _date="739037" _time="48095" date="31/05/2024" time="13:21:35"/>
    </Program>
    <Program>
      <Header Description="map_1_1_1" ISN_2="1" LastIsn="3" id="2">
        <Public val="map_1_1_1"/>
        <ExecutionRight comp="-1"/>
        <Resident val="N"/>
        <SQL val="N"/>
        <ReturnValue>
          <ReturnValueAttr/>
          <ParametersAttributes/>
        </ReturnValue>
        <SqlWhereExist val="N"/>
        <TaskType val="B"/>
        <External val="Y"/>
        <Offline val="N"/>
        <DotNetObjectExists val="N"/>
        <LastModified _date="739037" _time="67893" date="31/05/2024" time="18:51:33"/>
      </Header>
      <SourceFileTimeStamp _date="739037" _time="48098" date="31/05/2024" time="13:21:38"/>
    </Program>
  </ProgramsRepositoryHeaders>

</Application>
