<?xml version="1.0" encoding="UTF-8" standalone="no" ?>
<Application>

  <Header>
    <Version val="14060.00"/>
    <WithIsn val="Y"/>
    <LastIsn val="0"/>
  </Header>

  <ProjectProperties>
    <ProjectData>
      <GUID val="{3274C56F-3D7F-4896-9DD8-CD1523F8C1F3}"/>
      <RemoteFlowMonitorRight comp="-1"/>
      <NulArithmetic val="N"/>
      <WindowSortBy val="R"/>
      <_SystemPulldownMenu comp="-1" obj="1"/>
      <_SystemContextMenu comp="-1"/>
      <ExposeComment val="N"/>
      <ProjectName val="magicxpimapping"/>
    </ProjectData>
  </ProjectProperties>

</Application>
